V,Na_i,m,h,j,K_i,r,s,s_slow,r_ss,s_ss,y,Ca_i,Ca_SR,z_1,z_2,z_3,TRPN
-83.61082329925216,13.674792840408552,0.0026248007509524205,0.7669718905616124,0.5973623889057208,136.95343002628175,0.0016700377035198687,0.942994979467574,0.29136790006392993,0.0022380796247178014,0.25501603486630114,0.0029347521904082843,0.00024689462275568144,1.7462233192408283,0.9359081172102831,0.008960125704437865,0.05460913714301895,0.05417803993448418
-72.54022987018556,13.674748131842113,0.013755270167301882,0.7620277997301819,0.5975337400649727,136.9539186541635,0.00427106554097518,0.9438864916103382,0.2919355409230038,0.0028202874336298437,0.2550315091635134,0.0029350124517890275,0.0002453496319343152,1.7477671273086222,0.9364190251797949,0.008949306586611644,0.05411471745519853,0.05427518241810661
-62.407476079369104,13.674687004132814,0.059696416598017395,0.7556248636112151,0.5960310430119159,136.95438038098376,0.009908451516986489,0.9441444651406543,0.29244258059712674,0.003842005341344002,0.2549710821676198,0.0029342746204049108,0.0002443710350133154,1.7491947694725163,0.9368988196342484,0.0089417869564127,0.05364776358400928,0.05437035389222985
-51.41236788511734,13.674651063494043,0.23142036751920717,0.7462338373255993,0.5924357357625945,136.9548448795572,0.022461626846727034,0.9420404361296175,0.29293413808198315,0.004982633272076028,0.2548744859411921,0.002933320763322103,0.00024501504960382133,1.7502496884352001,0.9372841128919744,0.008944629754890415,0.05326398046236028,0.05446159719966052
-34.01296281127722,13.675329883605011,0.6362966543076349,0.7105325563891355,0.5826703305459507,136.95484050340264,0.049341769725601635,0.9330534602268009,0.2932451640416109,0.00623944929079066,0.25476287044975493,0.002932091182492102,0.00025152182717514077,1.749934712796316,0.9374330302575248,0.008985264868360883,0.053076580394662946,0.05454297902304349
28.002941619109475,13.677912148793327,0.9999857507489139,0.13364725937611777,0.5383666167630435,136.95454559748813,0.9508735889999724,0.9072684681788054,0.2866262587497598,0.04617306377441636,0.25464186574026726,0.0029222659651417784,0.0003052957839804892,1.739212671785248,0.9327901523393297,0.009534405430032825,0.05715164369305141,0.05453198224512913
18.96801326481124,13.677968471851912,0.9999522793822001,0.01618756574438049,0.4941678911820524,136.95394396757078,0.9401942013231962,0.8817145856534585,0.2785717939973974,0.10308571139564524,0.2545206461169905,0.0029085082199432556,0.0003218636525826001,1.7360501436949147,0.9296332710711949,0.009895279021459102,0.05992004693162017,0.05447191147451417
8.506700341811285,13.677800209526442,0.9997573792145223,0.0022511891147962357,0.45388029379454825,136.95344481419775,0.8662369938357067,0.8568855768203726,0.2708715581575623,0.13707564881714715,0.25439950213606555,0.0028991473516181603,0.00037291321393544943,1.725354718599245,0.9229958861569956,0.010409500293001113,0.06600187283571972,0.05434714762309848
1.5567896908598113,13.677616941118641,0.9992790924232838,0.0003886025347282837,0.41738636331554896,136.95304870113927,0.7746056661635337,0.8327719696908488,0.26380432966426076,0.158065179085167,0.25427845081690326,0.0028923008915518254,0.0004661785716400551,1.705257300265624,0.9124301794394227,0.011233285458145063,0.07566772523117175,0.05407458050094843
-2.8416397009821184,13.677444034010895,0.9985539022982122,8.519990513127177e-05,0.3844024747383764,136.95273141425645,0.6931211262306699,0.809366225857262,0.257550245161063,0.17256848264955474,0.25415750062735626,0.002886692225541132,0.0005835990253484815,1.6794026259531838,0.9001857695295182,0.012378412271682035,0.08664381078418618,0.05359237616556465
-5.8281230558600985,13.677283063735418,0.9976840761163913,2.689364025829681e-05,0.35455035823560266,136.95247038586942,0.6285000354770165,0.78665674679543,0.25206447462579074,0.18351652654687817,0.25403665202730763,0.0028817660058480386,0.0007059271479035224,1.6514812030873103,0.8880425737027848,0.013781261480383606,0.09721410621650842,0.05288841351997377
-8.040352385511154,13.677132925919727,0.9967236888100837,1.5991055164159898e-05,0.3274680647401605,136.95225009232522,0.5776689917510186,0.7646285061150959,0.24722352228329825,0.19225521767412193,0.25391590300447897,0.002877272482516097,0.0008221182644113359,1.6234336587435079,0.8766951067509767,0.015359842152791143,0.10677240233094215,0.05198603292879294
-9.80346843706383,13.676992421666485,0.9956872410940608,1.6106704373090482e-05,0.3028438422813097,136.95206061090863,0.5365179058042319,0.7432653564709082,0.2429135637543987,0.19946885284162597,0.2537952517267261,0.002873085934060684,0.0009271682642233744,1.5961243800713367,0.866322467390035,0.017039346318848504,0.11522204375325795,0.05092499417733252
-11.290268407129478,13.676860512303033,0.9945688237245605,1.934698235315454e-05,0.28041401781273856,136.95189551614058,0.5019797845182923,0.7225513790673966,0.23904687402852476,0.20554455894696708,0.25367469718510893,0.0028691358408271415,0.0010194309259609106,1.5699362418114267,0.8569253908021051,0.018760724099509605,0.12262862670903397,0.04974935605177468
-12.599618582168905,13.676736316682915,0.9933529059712386,2.379734136568561e-05,0.25995413098134573,136.95175046899098,0.4720059465016119,0.7024715007205713,0.2355580381056551,0.2107218519241572,0.25355423924086706,0.0028653791060394016,0.0010990188857487105,1.5450447650260544,0.8484496543165084,0.020480414785742883,0.12909644510074503,0.0485009186751203
-13.792546808670084,13.676619093449762,0.9920153854010095,2.8994482362942805e-05,0.24127116541946386,136.95162240146203,0.445240555304858,0.6830118196791497,0.2323980270608478,0.21515950163183237,0.2534338785746557,0.002861787710082718,0.0011668903518604055,1.5215320865609336,0.8408273410555276,0.022167315083243936,0.13473021571328386,0.04721608881164919
-14.909517801239048,13.6765082256993,0.9905268402331784,3.487998405997152e-05,0.22419745611497252,136.95150904710036,0.42076491166822017,0.664159824224893,0.229529482221846,0.21896863292439833,0.2533136166566169,0.002858342611745118,0.0012243187766141795,1.499435566531595,0.8339904029476582,0.023799556164057684,0.13962480437904742,0.045924849684515254
-15.979067983007928,13.67640320749066,0.9888490170773493,4.1535398594188005e-05,0.2085863649651692,136.95140866823567,0.39793809629083443,0.6459046260206787,0.22692346191574475,0.22223029171928882,0.253193455761857,0.0028550305142643435,0.0012725926443500181,1.4787698231036441,0.8278750334630269,0.025361886158906485,0.14386355750247823,0.04465085653652232
-17.022408781191224,13.676303628844757,0.9869348146018481,4.911192812297894e-05,0.19430881266223402,136.95131988582943,0.3763013108377771,0.6282372091370132,0.22455712847474124,0.2250057062565351,0.25307339902725007,0.002851841972926412,0.0013128645266387321,1.4595374683019746,0.8224226909179536,0.026843645761468884,0.1475194026412201,0.04341215653618064
-18.05593785299125,13.676209160902989,0.9847234313258563,5.7815230541706955e-05,0.18125067005324896,136.95124157090999,0.3555219413515588,0.6111507431319255,0.22241212747716194,0.2273425362185862,0.2529534505468339,0.0028487702333584598,0.0013460910763611052,1.4417345180477525,0.8175800114574737,0.028237285100519247,0.1506565120829492,0.04222209690862353
-19.09264655110595,13.676119541254469,0.9821405362505411,6.790764276219659e-05,0.1693106324367851,136.95117277064924,0.33536036929378576,0.5946409585279673,0.22047339001806926,0.22927895357043523,0.2528336155001319,0.00284581045565515,0.0013730286791621595,1.4253529351092307,0.8132982981317406,0.029537286158662635,0.15333197863718062,0.04109024452673158
-20.142913858370026,13.676034560359273,0.9790923199868777,7.971712873448168e-05,0.1583984157128564,136.9511126556292,0.3156499711173411,0.578706589612483,0.21872822236422396,0.23084642707447584,0.25271390031330293,0.002842959162094237,0.0013942591221451598,1.4103814376036226,0.8095328725943015,0.030739417988977637,0.15559728279708743,0.04002320457036217
-21.2149106967077,13.675954049654793,0.9754619713682543,9.365006686146988e-05,0.14843332664978787,136.9510604822925,0.29628502422934777,0.5633499178009431,0.2171656214645776,0.23207161143205823,0.2525943128554202,0.0028402138273354947,0.0014102293814087727,1.3968050866176163,0.8062425222212323,0.03184025141301871,0.15749938948902786,0.03902527958429865
-22.31484123176634,13.675877870738955,0.9711035595062185,0.00011020726669689716,0.1393427665682655,136.95101556268887,0.2772120842089914,0.5485773805376177,0.21577571051782768,0.23297775393646902,0.25247486267715824,0.0028375725395846925,0.001421297459498794,1.384604115965023,0.8033889313020363,0.03283687445610458,0.15908164895822868,0.03809900780978518
-23.447053216618972,13.675805907272808,0.9658392909201334,0.00012999965377792278,0.1310613117215595,136.95097724579944,0.2584231351343675,0.5344002262176699,0.2145493730406297,0.23358549928576483,0.2523555612339496,0.0028350337377997252,0.0014277732337141808,1.3737525174156406,0.8009364924939673,0.03372679047673949,0.16038410559494656,0.0372455477279864
-24.614170766361717,13.675738057734614,0.9594516506317871,0.00015376941459393728,0.12352947234913894,136.9509449009442,0.23994841252526555,0.5208352531354252,0.2134779489959385,0.233913462206371,0.252236422195269,0.002832595984844205,0.0014299548064208285,1.3642165383322218,0.7988520577198777,0.034507918655454294,0.1614437634974887,0.036464974749993946
-25.817251803635177,13.675674230370957,0.9516784807667765,0.00018241117707975963,0.11669276620733135,136.95091790833217,0.22184824719339166,0.507905552987684,0.21255307076958516,0.23397841082144683,0.252117461766637,0.002830257792972485,0.0014281536488456787,1.3559536401046646,0.797104928097173,0.035178686586329305,0.1622945010795268,0.035756490106870056
-27.056007209640068,13.67561433971117,0.9422084829098647,0.00021699574592235366,0.11050091149323144,136.95089565444482,0.20420406176061506,0.4956412206422394,0.21176659699334358,0.23379517046813528,0.2519986990505887,0.0028280174946372924,0.0014227086349258293,1.3489121211606274,0.795666940444234,0.03573816521953633,0.1629668377058202,0.03511857682825896
-28.329085327790988,13.675558304465078,0.9306775542118135,0.0002587958569672063,0.10490714585257731,136.95087753152637,0.18710881245552308,0.4840799430145934,0.21111062287485804,0.23337630354286343,0.25188015644847345,0.002825873159299464,0.001413989115196588,1.3430315621261486,0.794512582905225,0.03618621202292411,0.16348765758032735,0.0345491243849399
-29.634395788755022,13.675506046429337,0.916667651928264,0.00030931611644652844,0.09986761841831727,136.95086293935245,0.17065787352302159,0.47326743870131227,0.21057752656872106,0.23273164397683083,0.25176186015440594,0.002823822550438891,0.0014023895183119422,1.3382439535035409,0.7936190450405447,0.03652359680977327,0.16388001612644862,0.034045532352084525
-30.969443595838815,13.675457490277704,0.8997118112344419,0.0003703249473686282,0.09534099827197681,136.95085129016235,0.15494110466691652,0.4632575151577142,0.21016004448070766,0.23186771098404513,0.25164384069242335,0.002821863122953842,0.0013883173447069499,1.3344755251410534,0.7929662451719848,0.0367520897795267,0.16416300679832835,0.0336048097162984
-32.33163500721621,13.675412563662789,0.879304903808256,0.0004438928887790458,0.09128814680634906,136.95084201373342,0.14003685143577607,0.45411172093210644,0.20985132035582515,0.23078709645736803,0.2515261335970668,0.002819992045766438,0.001372179051392645,1.3316488180849455,0.7925367379407346,0.03687450387347009,0.16435179897442756,0.03322366662384032
-33.71853227274641,13.675371197518611,0.8549243181147341,0.0005324353981656879,0.0876719410806291,136.95083456313014,0.12600798294669063,0.44589831374985595,0.2096449227376008,0.22948784299324346,0.25140878020837637,0.00281820624510023,0.0013543658611831868,1.3296848843198994,0.7923155627129369,0.036894686558996845,0.1644577905382605,0.03289860514930823
-35.128041705995784,13.675333326410536,0.8260649532434311,0.0006387573973732635,0.0844572382774419,136.9508284207085,0.11289982825465633,0.4386902649370355,0.2095348187082121,0.22796286805447588,0.2512918285437579,0.002816502462751697,0.0013352414117861393,1.3285054498875408,0.7922900439036703,0.03681745405892401,0.16448887317984903,0.032626011248138014
-36.558511843098465,13.675298888421102,0.7922910404211079,0.0007661268942266376,0.0816106537689274,136.95082309951925,0.10073982785239984,0.43256279899882744,0.2095152473671266,0.2261993355494477,0.25117533477698517,0.0028148772900396233,0.0013151354160148936,1.328034176078565,0.7924494571749799,0.036648528560705024,0.1644498329737709,0.03240221145003555
-38.00877851875479,13.675267825893883,0.7532981442438652,0.0009183212060557618,0.0791007942915105,136.9508181498911,0.08953792468856353,0.4275888630834577,0.2095806141823104,0.2241781733383378,0.25105936433183,0.0028133272379471815,0.001294336741900625,1.328198477557506,0.7927847989554336,0.03639437699664977,0.16434275241936727,0.03222356478418738
-39.478118942662356,13.67524008589344,0.7090008080866383,0.0010997123666422288,0.07689815647811922,136.95081315997956,0.07928795438144516,0.4238341946714704,0.20972528944513832,0.22187349984533916,0.2509439938177864,0.0028118487638066902,0.0012730933021691112,1.3289301409920142,0.793288397273423,0.03606208255159649,0.16416754020425478,0.03208650583984289
-40.96632491981419,13.675215614747682,0.6596112442945222,0.0012792042470285063,0.07496574102142096,136.95080775787326,0.06996908230774279,0.4213511406430078,0.2099434262195071,0.21925209961164677,0.2508293131072651,0.0028104383064917094,0.001251612823754172,1.3301659606431377,0.7939535354556985,0.035659173882198004,0.1639224934383797,0.031987594269477206
-42.473889591842514,13.675194347239515,0.6056921666142712,0.0014436546272159527,0.07326591943415327,136.95080161263297,0.06154587661439735,0.42017217233495463,0.21022880110784276,0.21627288615429702,0.2507154279004486,0.0028090923143526013,0.0012300649428464297,1.33184803079102,0.7947740165245142,0.03519345680697251,0.16360491520707368,0.0319235453284583
-44.000609044730815,13.675176256753236,0.548238516304805,0.001610966748684265,0.0717892942862152,136.95079443548713,0.05397517290326126,0.42030378885991326,0.21057470507544865,0.21288649685264247,0.25060246269806946,0.0028078072575703733,0.0012085859504924754,1.3339237691688752,0.7957436980412604,0.03467282932496271,0.16321178545826084,0.03189126165154326
-45.54572637872153,13.675161340126069,0.4886534248325768,0.001786631603338019,0.07052422938892315,136.9507859814325,0.047209172010650856,0.4217209032857061,0.21097387876128335,0.20903530712169296,0.2504905637891529,0.002806579591918225,0.0011872842059610944,1.3363455166922094,0.7968559123641593,0.0341051461240888,0.16274048612625264,0.031887837894144865
-47.10793095046509,13.675149609831736,0.42864040819550114,0.0019762843855493572,0.06945678384379467,136.95077605129535,0.041195609808981085,0.42436434422865216,0.21141860729367015,0.20465381537405725,0.2503799025919074,0.0028054057556360762,0.0011662441592063747,1.3390703150840897,0.7981029791546864,0.03349807398018966,0.16218945141972055,0.03191056801427552
-48.68533151056372,13.675141086897497,0.3700196690407586,0.002185916581632323,0.06857127700077852,136.95076449430877,0.03587868958660347,0.42814202331364987,0.2119009387099564,0.19966967468221972,0.25027067920307394,0.0028042821744823005,0.0011455298170793642,1.3420596486703635,0.7994758338875578,0.032858968764681966,0.1615586857045278,0.03195694571949442
-50.275438018153686,13.67513579345347,0.3145054312347914,0.0024220195612525675,0.06785098764670332,136.95075121101928,0.031200517454745676,0.43293407099048303,0.21241299746049763,0.19400565263073194,0.25016312603084523,0.002803205280005599,0.0011251878019390691,1.3452791693680122,0.8009638536526148,0.03219477586285587,0.1608500690209941,0.032024661102133915
-51.87513390964493,13.675133745780823,0.2635006938403481,0.002691777968434459,0.06727890750682577,136.95073615636338,0.027102733456820266,0.43860121658549817,0.21294733630757548,0.187582845881924,0.2500575113479857,0.002802171543138966,0.0011052500949585188,1.3486984043194954,0.8025549227175618,0.0315119576242463,0.1600674040179875,0.03211159436660183
-53.480627407192465,13.675134948499707,0.21796083330822916,0.003003373588426684,0.06683848220844602,136.95071934272497,0.023528080558716705,0.4449949673974934,0.21349726425612106,0.18032554438186693,0.2499541424112908,0.002801177526365454,0.0010857365214179669,1.3522904546468582,0.8042357331016725,0.030816446398766566,0.15921620852349616,0.0322158078682251
-55.08738489248305,13.675139390088658,0.17835159293910385,0.0033664533212200026,0.06651429495858537,136.9507008426247,0.020421697350955084,0.45196782464445606,0.21405709670491227,0.17216811593941636,0.24985336764339874,0.00280021995749242,0.001066657018233287,1.3560316878714613,0.8059922634841862,0.030113620268895167,0.15830330913513085,0.03233553698340952
-56.69006963655198,13.675147039591542,0.1446930683779966,0.0037928183200676728,0.06629269141214289,136.950680790357,0.01773197715636299,0.4593820954853693,0.21462230068113233,0.163064163297146,0.2497555768307739,0.002799295830802962,0.0010480136789259044,1.359901447265594,0.8078103580208833,0.029408293363074232,0.1573363186707715,0.03246918147808833
-58.28248844087635,13.675157843958775,0.11666107527675063,0.004297482372518253,0.06616230812717087,136.95065938260726,0.015411123215892204,0.4671157780434914,0.2151895145881248,0.15299773098885264,0.24966120023609484,0.0027984025256701057,0.0010298025871664964,1.3638817037477866,0.8096762505280006,0.0287047334902365,0.15632312820669614,0.03261529155466404
-59.8576125080611,13.675171725997524,0.09370650349977988,0.004900130858033915,0.06611462916606592,136.95063687624204,0.013415284458392285,0.47506616322088585,0.21575648892203153,0.1419962153147296,0.24957070303818216,0.002797537962767495,0.0010120154160494113,1.3679567940428807,0.8115770544384695,0.0280066711816736,0.1552714380342235,0.032772559478315824
-61.40766448225837,13.675188582699386,0.07516735979826451,0.005627155277026305,0.06614452669488725,136.95061358332245,0.011704541685392816,0.4831506351453506,0.21632195059363896,0.13014325206268282,0.24948457660955495,0.0027967007759579082,0.000994640788586326,1.3721131338437276,0.8135010932413579,0.027317324777026752,0.15418841737557104,0.03293980787889699
-62.924296439840376,13.675208284114495,0.060356298293458205,0.006514276709178332,0.06625083210839892,136.9505898625335,0.010242756258293647,0.49130557453030227,0.21688543086553716,0.11758928620816828,0.24940332531909892,0.0027958904949783466,0.0009776654146704251,1.3763389554056495,0.8154380932823033,0.026639428160032036,0.15308048933301693,0.033115978653385066
-64.39885780757427,13.675230673016536,0.048619933144303004,0.00760963783158285,0.0664369193566791,136.95056610692637,0.00899736832955687,0.49948402106938306,0.2174470808352393,0.1045565424456136,0.2493274490186925,0.00279510771880495,0.0009610750141596598,1.3806240664100171,0.8173792501045488,0.025975261541263246,0.1519532309150472,0.03330012220945658
-65.82273761150591,13.675255565605255,0.03937284146900366,0.008976977555470146,0.06671125034253747,136.95054272843478,0.00793918362948704,0.5076527178888366,0.21800749255804439,0.09133487312307857,0.24925742205292406,0.002794354252906821,0.0009448550418916351,1.384959629790068,0.8193171953768946,0.025326684961684456,0.15081136359376446,0.033491387084941614
-67.18775130196532,13.675282753416012,0.03211225270941904,0.010698179669484309,0.06708780640899052,136.95052014023557,0.00704216595883075,0.5157890327778415,0.2185675374590359,0.07826580864571879,0.24919367040346563,0.002793633179753483,0.0009289912323849108,1.389337964950606,0.8212458960287878,0.024695173923625333,0.1496588055698926,0.033689010051370594
-68.48653197416789,13.675312006474233,0.026419761186608288,0.012874227215322815,0.06758631603916358,136.95049873850496,0.006283238397564886,0.5238780950851413,0.21912822831206336,0.0657143787262848,0.2491365492365022,0.002792948833636226,0.0009134699844693124,1.3937523705308317,0.8231605144405403,0.0240818564182922,0.1484987594912643,0.03389230680168644
-69.71288207998667,13.67534307757084,0.02195536639561233,0.015623575425222896,0.06823218076153824,136.95047888535925,0.005642087920162601,0.5319103452472688,0.21969060736032536,0.054031677104005395,0.24908632344316817,0.0027923066600656116,0.0008982786074092468,1.3981969683372548,0.8250572523481526,0.023487550534639842,0.1473338151771895,0.034100663281165705
-70.86204691677224,13.675375707396173,0.01844773841625093,0.01907730375482929,0.0690559823731829,136.95046089463327,0.0051009668689001,0.5398795824428169,0.22025566073712619,0.043514663911826186,0.24904315355870535,0.0027917129561235232,0.0008834054518631995,1.4026665678983974,0.8269331945556465,0.02291280174962519,0.14616605313484876,0.03431352771606824
-71.93088351142269,13.67540963016797,0.015683276109210015,0.023371108140453695,0.0700924285462425,136.95044502171436,0.004644486444678243,0.5477815149899705,0.22082425783640947,0.034371837217390705,0.24900708874697833,0.002791174508448844,0.0008688399495465737,1.407156550632695,0.828786162503054,0.022357919061411175,0.14499714026908492,0.03453040336374408
-72.91791494722767,13.675444579351543,0.013495488214431056,0.028635030066321468,0.07137860429091093,136.9504314580117,0.004259401419639305,0.5556127656630695,0.22139711325561276,0.026702834937077667,0.2489780674854911,0.002790698164919703,0.000854572585455732,1.411662772209217,0.8306145830618779,0.021823009257384084,0.1438284134604801,0.03475084198743799
-73.82327655925701,13.67548029304878,0.011755491393183982,0.03498249050652606,0.07295151634443664,136.95042032999922,0.00393438916099671,0.5633702547328437,0.22197476831127733,0.020496516706744145,0.24895592541288783,0.0027902903903558726,0.00084059482314217,1.416181480879528,0.8324173745566744,0.021308008729347988,0.14266094974818505,0.034974437981741595
-74.64857044427553,13.675516519014078,0.010363923674770474,0.04250031784658722,0.07484510637969274,136.9504117021776,0.003659827311435193,0.5710508765096518,0.22255758823353217,0.015647015873419223,0.24894040919893962,0.002789956853048338,0.0008268990092426645,1.420709253500927,0.834193850648243,0.02081271272387919,0.14149562262490528,0.0352008234962265
-75.39665680166937,13.675553018363713,0.00924435503805998,0.0512415742929621,0.07708730469774402,136.95040558327483,0.003427581538879275,0.5786513758401958,0.22314577245894768,0.011982056899878255,0.24893119381413084,0.002789702105147564,0.0008134782516085196,1.4252429375723175,0.8359436386946697,0.020336801354783007,0.14033314837053987,0.035429663475606596
-76.07140726600402,13.675589568902959,0.008337974822329805,0.06122160530952271,0.07969755216716044,136.95040193420124,0.0032307998145713413,0.5861683615509485,0.2237393722603005,0.009295834996924662,0.2489279018180584,0.002789529360700143,0.0008003263144385053,1.429779611515823,0.8376666144855406,0.01987986276263577,0.13917412025218276,0.03566065210469905
-76.67744174275077,13.675625967173417,0.007599468485510794,0.07241799802995175,0.0826854143514381,136.9504006773402,0.003063728938908217,0.5935983891573671,0.22433831450933253,0.007378975044845164,0.24893012246484375,0.0027894404077528946,0.0007874375083085431,1.4343165491066463,0.8393628472106672,0.019441413587315087,0.1380190361312397,0.03589350923731218
-77.21987456366887,13.675662029677303,0.006993827696385943,0.08477369564494114,0.08605039999032726,136.95040170591054,0.002921548907566038,0.6009380724394301,0.22494242715299706,0.00604037004449425,0.24893742907852232,0.002789435634013927,0.0007748065952384103,1.438851192547984,0.841032555438315,0.019020916530170913,0.13686831906538915,0.03612797744268221
-77.70408330258607,13.6756975933282,0.00649389480261997,0.09820243841533656,0.08978284827308744,136.95040489283684,0.0028002262856263705,0.6081841949275846,0.22555146435966128,0.0051195283177800435,0.24894939387131101,0.002789514145910277,0.0007624287068168341,1.4433811314657072,0.842676071606659,0.01861779537153946,0.13572233283976226,0.036363819465072555
-78.13550859480964,13.675732515191516,0.006078517337476263,0.11259564796019945,0.0938655772222365,136.95041009875808,0.002696390102649974,0.6153338045526715,0.22616512996890042,0.004490458162956202,0.2489655998148592,0.0027896739571763333,0.0007502992744308772,1.4479040861222272,0.844293813063528,0.018231447827033044,0.1345813938399366,0.036600815975519216
-78.51949251547532,13.675766671726294,0.00573113168877865,0.1278296633271476,0.09827585261190204,136.95041717876478,0.002607223514921637,0.6223842836427634,0.2267830977506303,0.004059644087941467,0.2489856494167979,0.002789912211332808,0.000738413972256433,1.452417894504273,0.8458862590020839,0.017861256247958597,0.13344577989995843,0.03683876365123522
-78.86115491597258,13.67579995763986,0.005438703226975218,0.14377264769741266,0.10298735918899651,136.95042598783118,0.0025303735760247425,0.6293333930727811,0.2274050281987636,0.0037608475721905878,0.24900917070651657,0.002790225413891214,0.000726768670471935,1.4569205021700404,0.8474539319051171,0.01750659652532716,0.13231573701737712,0.03707747349728127
-79.16530598193302,13.675832284494863,0.005190918319274646,0.16029062935840527,0.10797194461968411,136.95043638493914,0.002463874602822741,0.6361792927514226,0.22803058170478754,0.003548920180120458,0.24903582080275033,0.0027906096525581094,0.000715359397233801,1.4614099543165375,0.8489973827561039,0.017166845368273887,0.13119148444428588,0.03731676938744031
-79.43639029584479,13.675863579177253,0.004979579322318875,0.17725242367776062,0.1132010324334749,136.9504482360262,0.002406084801928949,0.6429205427944957,0.22865942839375106,0.0033940043199144907,0.24906528754958335,0.0027910607920780244,0.0007041823076563704,1.4658843895290408,0.8505171792652403,0.016841386179438162,0.1300732186069839,0.0375564867893107
-79.67845904161152,13.675893782310009,0.004798121343663811,0.19453328627050775,0.118646659027759,136.95046141584862,0.002355630893929588,0.6495560889162376,0.2292912548124923,0.003276801456494116,0.24909728956131963,0.002791574634783217,0.00069323365871895,1.470342034937394,0.8520138967495761,0.016529613626202457,0.12896111608270025,0.03779647166057733
-79.89516085925645,13.67592284669739,0.004641291500373833,0.2120174999720313,0.12428220558835178,136.9504758090931,0.0023113666509480516,0.6560852389304644,0.22992576837686127,0.0031849924006550298,0.2491315753312368,0.0027921470479621733,0.000682509787993839,1.474781202264815,0.8534881108372222,0.016230937251760134,0.1278553360100005,0.0380365794715396
-80.08974993495845,13.675950735826145,0.004504825139784607,0.229599909075633,0.13008284062147332,136.9504913107804,0.0022723312870958135,0.6625076318563574,0.23056269967975637,0.0031107464030389,0.24916792151613149,0.002792774056472003,0.000672007096403696,1.4792002847205612,0.8549403919918315,0.0159447840944951,0.12675602197773445,0.03827667435948404
-80.26510438396346,13.675977422473709,0.004385283781507494,0.24718665647258894,0.13602575437315245,136.95050782621016,0.0022377223214295294,0.6688232042172099,0.2312018033554384,0.0030490522942836387,0.24920613082442117,0.00279345190610612,0.0006617220335110541,1.4835977544518377,0.856371301343021,0.015670600570371843,0.12566330357406796,0.038516628386166145
-80.42375171112651,13.676002887429314,0.004279865775460024,0.2646953049702919,0.14209023932408887,136.9505252705727,0.002206867770925442,0.6750321553524805,0.23184285785942085,0.002996643558163886,0.24924602967505738,0.002794177102573169,0.0006516510852771476,1.4879721604201768,0.8577813876196538,0.015407853707652193,0.12457729768208133,0.03875632088854309
-80.56789830811068,13.676027118342834,0.004186280274845339,0.28205450216471917,0.14825766066435384,136.95054356833927,0.0021792046214783377,0.6811349135083155,0.23248566448802935,0.0029513334815514567,0.24928746579244018,0.002794946430594885,0.0006417907637780753,1.492322126597012,0.8591711849820639,0.015156031850185622,0.12349810957537835,0.03899563791180005
-80.69946056359026,13.676050108698849,0.004102651514989642,0.2992033489751133,0.15451135796101093,136.9505626525287,0.0021542612545536765,0.6871321038075863,0.2331300459270454,0.0029116066900639736,0.24933030584985905,0.002795756958298477,0.0006321375987042091,1.4966463503750047,0.860541211563931,0.014914644932733362,0.12242583386873508,0.03923447171382568
-80.82009598529895,13.67607185691513,0.004027437008834883,0.3160905810767348,0.1608365040608255,136.9505824639138,0.002131642241420393,0.6930245187924875,0.23377584452080719,0.0028763770283213885,0.24937443323433578,0.0027966060306327677,0.0006226881304764451,1.5009436011303028,0.8618919685936252,0.014683224408580924,0.12136055535058085,0.03947272033394933
-80.93123313268988,13.676092365552071,0.003959367483174373,0.3326736668179672,0.16721994487805744,136.9506029502214,0.002111015953329734,0.6988130917779922,0.23442292043497653,0.002844835999191796,0.24941974597382777,0.0027974912558837795,0.0006134389047575857,1.505212718870431,0.8632239399409642,0.014461322924819643,0.12030234972755782,0.03971028721488127
-81.03409974235508,13.676111640625649,0.0038973843600313184,0.34891787773473043,0.17365003205523696,136.95062406535402,0.002092103586223584,0.7044988731013017,0.23507114980270896,0.002816361134585,0.249466154846128,0.0027984104875812704,0.000604386468303878,1.5094526129252672,0.864537592004577,0.014248513800163945,0.11925128429530071,0.03994708087222537
-81.12974853470834,13.676129691018266,0.003840627084074129,0.36479537505966275,0.1801164576757161,136.95064576865593,0.002074671661563193,0.7100830093452565,0.2357204229291885,0.002790465862445462,0.24951358168619292,0.0027993618037162986,0.0005955273661182437,1.5136622606502244,0.8658333738812423,0.014044390342876264,0.11820741854612478,0.040183014607692635
-81.21908046479591,13.676146527974039,0.003788361329862967,0.38028435192558835,0.18661009890404276,136.95066802423955,0.0020585229820925385,0.7155667253161011,0.23637064261347,0.0027667609810477917,0.24956195788820845,0.002800343485222596,0.0005868581396970389,1.517840706111967,0.8671117177077929,0.013848565087307096,0.11717080472108317,0.040418006257859185
-81.30286540341724,13.676162164667037,0.0037399892301934966,0.39536824991431085,0.19312287605854808,136.95069080037817,0.0020434921857864024,0.7209513085140458,0.23702172261623525,0.0027449287952365574,0.2496112230907655,0.0028013539949394233,0.0005783753262265344,1.5219870587600506,0.868373039118076,0.013660668988016196,0.11614148831327581,0.040651977974227885
-81.3817608898815,13.676176615825925,0.0036950064064282264,0.4100350259609671,0.19964762005321346,136.9507140689476,0.002029439656503088,0.7262380955259904,0.2376735862323842,0.002724709179009911,0.24966132400149918,0.002802391956748086,0.000570075458730834,1.5261004920118144,0.8696177378183934,0.01348035055207791,0.11511950854196618,0.040884856025160836
-81.45632674912059,13.676189897438197,0.003652986255461084,0.42427657255225154,0.20617796962411647,136.9507378049909,0.0020162476086606046,0.7314284611176601,0.2383261651724997,0.0027058875787687353,0.24971221349333061,0.0028034561387219265,0.0005619550669406847,1.5301802431049536,0.8708461979237014,0.013307275287717144,0.11410489867596402,0.04111657070250381
-81.52704219880225,13.676202026451113,0.0036135799387443787,0.43808802726989343,0.21270824295288784,136.9507619861913,0.0020038166857118834,0.7365238076636477,0.23897939818537328,0.002688285074790259,0.2497638495464946,0.0028045454308509295,0.0005540106788929222,1.534225609145326,0.872058789198811,0.013141124221198387,0.11309768664483051,0.04134705601641343
-81.5943184684805,13.676213020541917,0.003576484214231472,0.45146725641221314,0.21923334449380064,136.95078659248622,0.0019920618248491966,0.7415255568587267,0.23963323004775228,0.0026717513955630107,0.24981619447613315,0.002805658828580662,0.0005462388234535212,1.5382359451413912,0.8732558677378227,0.012981593043587475,0.11209789541820323,0.0415762495365348
-81.65850514995579,13.676222897978956,0.0035414470669381023,0.464414588552248,0.22574872217242245,136.95081160588,0.00198091137932153,0.7464351443334445,0.2402876110771252,0.002656161351427004,0.24986921455810476,0.002806795424855434,0.0005386360330289101,1.5422106654214716,0.8744377758738374,0.012828392122125581,0.11110554306724056,0.04180409245745931
-81.71990039104354,13.676231677443674,0.0035082542289689364,0.47693239205755855,0.23225029124483054,136.95083701012845,0.001970304495562102,0.7512540132644415,0.24094249629777406,0.0026414099436956723,0.24992287941291108,0.0028079543958590934,0.0005311988465374643,1.5461492416750426,0.8756048429787341,0.012681245567983605,0.11012064314014884,0.04203052946014041
-81.77876087615803,13.676239377877986,0.0034767241845730192,0.4890246580421577,0.2387343554720337,136.95086279042246,0.0019601892255043285,0.755983609229488,0.24159784459989517,0.002627408088485365,0.24997716139306894,0.002809134986475596,0.0005239238124430943,1.55005119862416,0.8767573865902726,0.012539889972818286,0.10914320513636501,0.04225550844827119
-81.83530851021224,13.676246018378261,0.0034466997229031424,0.5006967175820525,0.24519755540544932,136.95088893317703,0.0019505205013323277,0.7606253765692566,0.24225361817800756,0.002614079756197726,0.2500320351780183,0.0028103365003749937,0.0005168074923387003,1.5539161114258708,0.8778957130938819,0.012404073638405202,0.10817323480333575,0.042478980405269644
-81.88973422357691,13.676251618116948,0.0034180467180181954,0.5119550719559883,0.25163684187775415,136.95091542591672,0.0019412598264850018,0.7651807553896677,0.24290978222644227,0.0026013603533557475,0.2500874775548099,0.0028115582945931806,0.0005098464649330955,1.5577436057457368,0.8790201177980532,0.012273556454146056,0.10721073421978143,0.04270089941756859
-81.94220299673984,13.676256196261951,0.003390648584380279,0.5228071788040338,0.2580494380498735,136.9509422571168,0.0019323737682760093,0.7696511787701469,0.24356630451423145,0.002589194631919133,0.25014346711849234,0.002812799771731476,0.0005030373299359454,1.561533355845667,0.8801308855595212,0.012148109206364395,0.10625570205642795,0.04292122258081427
-81.99285405901189,13.67625977191354,0.003364407999165707,0.5332614185292077,0.264432847990526,136.9509694162156,0.001923834311966823,0.7740380695973622,0.2442231554218381,0.002577536558273853,0.2501999842967795,0.002814060380467619,0.0004963767134862736,1.5652850897980877,0.8812282898574707,0.012027514514215644,0.10530813332221345,0.04313991033554014
-82.04180976871054,13.676262364030695,0.003339238423819106,0.543326730091258,0.270784775694934,136.9509968933124,0.0019156166387940654,0.7783428391551102,0.244880307127776,0.002566346058520471,0.2502570107759683,0.0028153396010601483,0.0004898612690508012,1.5689985790833283,0.8823125950775751,0.011911564405985734,0.10436802017488855,0.043356925859009375
-82.08917892643402,13.676263991389412,0.003315064507435096,0.5530124666747398,0.27710309783627884,136.9510246790588,0.0019076989437090848,0.7825668858794235,0.24553773331585046,0.0025555877420393265,0.25031452929770853,0.0028166369399062726,0.0004834876807403234,1.5726736356785964,0.8833840571896799,0.011800059590256423,0.10343535218141169,0.0435722349217355
-82.13505808289645,13.67626467254752,0.003291816753386882,0.5623283217453366,0.28338585580092573,136.95105276462144,0.0019000614090140119,0.7867115939215327,0.24619540907564247,0.0025452304497503276,0.2503725235900827,0.002817951927603132,0.0004772526685986112,1.576310111826057,0.8844429236989277,0.011692809481880933,0.10251011634676634,0.04378580592230051
-82.17953219496468,13.676264425836257,0.0032694359293008236,0.5712842960354948,0.2896312496950486,136.95108114166055,0.0018926869313858176,0.7907783328792322,0.246853310845052,0.0025352470450321764,0.25043097832621947,0.0028192841179669127,0.0004711529896973663,1.5799078991255924,0.885489433773381,0.011589632060512892,0.10159229717189326,0.043997609846575594
-82.22267596900338,13.676263269327539,0.003247870344867576,0.5798906213964282,0.29583762924036144,136.95110980229055,0.0018855605450749185,0.7947684564735575,0.24751141630508733,0.0025256139541911193,0.25048987905084363,0.0028206330860448864,0.0004651854431860205,1.583466927842941,0.8865238182860041,0.011490353802209658,0.10068187671437265,0.044207620274961494
-82.26455636428176,13.6762612208049,0.0032270718479221238,0.5881576444092242,0.30200347177906206,136.95113873899714,0.0018786684926868915,0.7986833016828144,0.24816970415658188,0.0025163102480678322,0.2505492120238076,0.002821998424064237,0.0004593468734087879,1.5869871637613926,0.8875463004737747,0.011394808972572007,0.0997788348461836,0.04441581322788774
-82.30523388099984,13.67625829775195,0.0032069978801130294,0.596095765677486,0.30812737061486717,136.95116794459338,0.001871998511737581,0.8025241884395065,0.24882815400144476,0.0025073171490213055,0.2506089641384009,0.0028233797391929924,0.0004536341719622006,1.5904686059388058,0.8885570963994618,0.011302839135531456,0.09888314942944015,0.0446221670570216
-82.34476252780026,13.676254517350902,0.0031876102471459188,0.6037154365095182,0.314208035028319,136.95119741222132,0.0018655396136414556,0.8062924195325657,0.24948674634756549,0.0024986180890324374,0.2506691229233934,0.0028247766536999576,0.0004480442783038261,1.5939112865835998,0.8895564149122526,0.011214293189943504,0.09799479631031009,0.04482666244445376
-82.38319237666117,13.676249896454825,0.0031688738017247075,0.6110270325596268,0.32024426701261705,136.95122713526658,0.001859281657014347,0.8099892797568304,0.25014546237858226,0.0024901978048384463,0.250729676381786,0.002826188800768633,0.00044257418440331233,1.597315266809743,0.8905444584367831,0.011129026520671373,0.09711374963427807,0.045029282203229444
-82.42056920428894,13.676244451595371,0.0031507559866033982,0.6180408649643041,0.3262349633225771,136.9512571073689,0.0018532152848867998,0.8136160361460053,0.250804283982657,0.0024820424747799825,0.25079061301038824,0.002827615825033311,0.00043722093535521336,1.600680635992575,0.8915214230126396,0.011046900955287786,0.09623998186437238,0.045230011250643604
-82.45693458322013,13.676238198981492,0.0031332276642864055,0.6247671755119159,0.3321791144348782,136.95128732241932,0.001847332076336541,0.8171739379153297,0.25146319374471443,0.0024741396976936834,0.25085192179359167,0.0028290573824966917,0.0004319816293175471,1.60400751165432,0.8924874982864893,0.01096778476922955,0.09537346378185418,0.04542883660017195
-82.49232769531486,13.676231154484789,0.0031162622772828103,0.6312160352317249,0.3380757857953514,136.95131777449768,0.001841624263262999,0.8206642159724972,0.252122174779038,0.0024664778941921044,0.25091359208355,0.0028305131376017206,0.00042685342256699907,1.6072960345620013,0.8934428682452982,0.010891551890240207,0.09451416478980174,0.04562574713373909
-82.52678459168824,13.676223333650857,0.0030998332860393816,0.6373973856460458,0.3439241243489699,136.9513484578963,0.0018360842927542572,0.8240880832734441,0.2527812107924485,0.0024590464993188153,0.2509756136457236,0.0028319827643275945,0.0004218335275210328,1.6105463697543314,0.8943877111240734,0.010818082006110312,0.09366205286185776,0.04582073364138108
-82.56034000339159,13.67621475168226,0.0030839153643844415,0.6433209407868721,0.34972334055973603,136.95137936705848,0.0018307049338308538,0.8274467342702341,0.2534402859194657,0.002451835377389675,0.25103797654114196,0.0028334659432957643,0.00041691921716594785,1.613758702366628,0.895322200034324,0.010747259881389528,0.09281709480405363,0.04601378862698304
-82.59302555968084,13.67620542346608,0.0030684912275994003,0.6489962790795636,0.35547272321659984,136.95141049663548,0.0018254807122421836,0.830741345761594,0.2540993848750989,0.002444835426933565,0.2511006712340329,0.002834962364536149,0.0004121078211069489,1.6169332395111953,0.896246502633729,0.010678975718425465,0.09197925610886548,0.046204906379403075
-82.62487141652021,13.67619536355887,0.0030535368301701535,0.6544327533422605,0.36117162241475914,136.95144184143123,0.0018204049231622572,0.833973076380351,0.25475849280725327,0.0024380380551225836,0.25116368848404097,0.002836471725037325,0.0004073967291652476,1.620070206357418,0.8971607816759851,0.010613124555421767,0.09114850118816652,0.04639408278269349
-82.65590572473143,13.676184586194374,0.003039031933343022,0.6596395197183865,0.36681945440900454,136.95147339641954,0.0018154717627661765,0.837143066834413,0.2554175953423811,0.002431435340672041,0.2512270193793875,0.0028379937295186747,0.00040278339017962286,1.6231698468676867,0.8980651949141581,0.010549606374038635,0.0903247933283127,0.04658131534725823
-82.68615515437655,13.676173105286932,0.0030249606669824278,0.6646255088908157,0.37241569367405153,136.95150515672344,0.001810676347732617,0.8402524398928547,0.2560766785307783,0.002425019850411335,0.2512906552958339,0.0028395280896110447,0.00039826531256244595,1.6262324209193513,0.8989598955699758,0.010488325593239142,0.08950809487117511,0.04676660304887815
-82.71564527004256,13.676160934433549,0.0030113054469264404,0.6693994096050885,0.37795986824044736,136.951537117601,0.0018060135535123347,0.8433023005198728,0.256735728807371,0.002418784508718008,0.25135458786885717,0.002841074523176942,0.0003938400646097514,1.6292582029551292,0.8998450325594802,0.010429190829647633,0.08869836729529244,0.04694994625521333
-82.74440044000455,13.676148086897465,0.0029980497376253267,0.6739696533149204,0.3834515624748201,136.95156927445302,0.001801478516806337,0.8462937347730257,0.25739473301510934,0.0024127226048953495,0.2514188090091796,0.00284263275466564,0.0003895052783684132,1.632247482034549,0.9007207503294726,0.01037211504222169,0.0878955712077118,0.047131346764858716
-82.77244386574918,13.676134575607309,0.002985178202740797,0.6783444075838843,0.3888904156775154,136.95160162282232,0.0017970666960237527,0.8492278095509005,0.2580536784030616,0.0024068278100691327,0.2514833108995363,0.0028442025151886904,0.00038525864897221763,1.6352005610249802,0.9015871890318764,0.010317015339566745,0.08709966641625062,0.04731080774367249
-82.79979797201666,13.676120413249903,0.0029726761935924507,0.6825316396734109,0.39427610494803095,136.95163415835177,0.0017927737301153066,0.8521055777253044,0.2587125525073222,0.002401094053314912,0.2515480859127187,0.002845783540653068,0.0003810979198771461,1.6381177514890506,0.902444485655456,0.010263811870501294,0.08631061216050766,0.047488333310540067
-82.82648457548615,13.676105612321487,0.002960529542423912,0.6865391595204505,0.3996083371689971,136.95166687676286,0.0017885953910670353,0.8549280810970727,0.2593713430898249,0.0023955154618323904,0.2516131265711906,0.002847375570730524,0.00037702087192196057,1.6409993718927538,0.9032927747622944,0.010212427112739142,0.08552836725141164,0.04766392832657087
-82.85252399699377,13.676090184830539,0.0029487252558463455,0.690374365340961,0.40488689358033975,136.95169977397603,0.0017845277773597488,0.857696332910365,0.2600300384846508,0.00239008664888597,0.251678425774432,0.002848978354717226,0.000373025384111282,1.6438457570734508,0.9041321846953164,0.010162789492945056,0.08475288942896451,0.04783759951121452
-82.8779362840788,13.67607414266937,0.0029372505151471994,0.6940445485768467,0.41011157081705707,136.95173284595595,0.0017805670397071835,0.860411339261802,0.26068862715433355,0.002384802305473027,0.25174397650423497,0.0028505916441499213,0.0003691093595135408,1.6466572443331178,0.9049628425315531,0.010114828610855634,0.08398413627541737,0.048009353943234905
-82.90274063664201,13.676057497436988,0.002926093172762363,0.6975567473600693,0.41528220861577175,136.95176608878472,0.001776709514960722,0.8630740888176462,0.2613470979004653,0.002379657392841561,0.25180977196420257,0.0028522151963321562,0.00036527076045478167,1.649434179805291,0.9057848717304301,0.010068477500474668,0.08322206479146804,0.04817919975876439
-82.9269550778354,13.67604026027679,0.002915242064849818,0.7009175890762184,0.4203987089528315,136.9517994987217,0.0017729518091904436,0.8656855424195282,0.2620054400380521,0.002374647238529922,0.25187580568863105,0.0028538487775031235,0.0003615076425311422,1.652176920292699,0.9065983903588386,0.010023674243167165,0.08246663122283708,0.04834714657032347
-82.95059787051758,13.676022442443829,0.0029046857956776867,0.7041338079484599,0.42546096026018465,136.95183307198468,0.001769290467255001,0.8682466680038271,0.2626636427609176,0.002369767098089295,0.2519420711356975,0.002855492151714733,0.0003578180380896254,1.6548858210956392,0.9074035177351418,0.009980355775564258,0.08171779194914262,0.048513203689084204
-82.97368621784058,13.676004054711534,0.0028944137936088516,0.7072116791123685,0.43046890892822276,136.9518668049711,0.0017657222645109888,0.8707584026494434,0.26332169578801917,0.002365012540500032,0.25200856209308226,0.002857145092532351,0.0003542000826882451,1.6575612433892144,0.9082003678850169,0.009938463851207857,0.08097550281031575,0.048677381717363424
-82.99623594879591,13.675985107413652,0.002884416560648948,0.7101571122563709,0.4354225703849133,136.95190069425888,0.0017622442752672468,0.8732216581113994,0.26397958935667876,0.002360379578198918,0.2520752726923689,0.002858807382123573,0.0003506519986008068,1.6602035646194178,0.9089890492245316,0.009897945620728167,0.0802397186385482,0.0488396929964498
-83.01826294860538,13.6759656108027,0.0028746844001257183,0.7129759188118686,0.4403219607146984,136.95193473644701,0.0017588535337477933,0.8756373391249462,0.2646373137708212,0.002355864171843975,0.25214219709729907,0.0028604788042490103,0.00034717202346791796,1.6628131574933172,0.9097696701380577,0.009858748048366913,0.07951039458805992,0.04900014968741024
-83.03978252366414,13.67594557487465,0.0028652079935711015,0.7156736721808518,0.44516712751492676,136.95196892823074,0.0017555471868437248,0.8780063340052505,0.2652948596158713,0.002351462448219996,0.25220932964932274,0.002862159147708385,0.00034375844677704754,1.6653903984759926,0.9105423363534747,0.00982082050459297,0.07878748556095679,0.04915876462433558
-83.06080897973543,13.675925009253765,0.002855978893349258,0.7182556184238429,0.44995816968020047,136.95200326645138,0.0017523226155853199,0.8803295083217929,0.2659522179000622,0.0023471708500793094,0.25227666496311474,0.0028638482086327036,0.00034040963403000684,1.6679356730279054,0.9113071492083088,0.009784116467001547,0.07807094583718423,0.049315551852986673
-83.08135710613992,13.675903923623867,0.002846988329386346,0.7207270339233514,0.45469516360205536,136.95203774791392,0.0017491771064387142,0.8826077282851075,0.26660937953428526,0.002342985637164718,0.2523441975761589,0.0028655457820359618,0.00033712393558011955,1.670449356128745,0.9120642119797886,0.009748587291182246,0.07736073041241154,0.04947052459225319
-83.10144037178218,13.675882327196351,0.0028382284390480812,0.7230927764885663,0.45937825410259564,136.95207236961085,0.001746108210703597,0.8848418319962976,0.2672663359709348,0.0023389034836848828,0.2524119223787669,0.002867251672205466,0.00033389979954600603,1.6729318362283245,0.9128136220820648,0.009714189896164365,0.07665679335213414,0.049623697760102344
-83.12107240758735,13.675860229161545,0.0028296913767729996,0.7253576723428725,0.4640075733306977,136.9521071285332,0.001743113473568928,0.8870326528343566,0.26792307866581483,0.0023349210235904813,0.2524798342474171,0.0028689656842349983,0.000330735681272938,1.6753834918208785,0.9135554770424026,0.009680880810432776,0.07595908910700588,0.0497750857333511
-83.14026610020687,13.675837638400676,0.0028213697915410608,0.7275262650905322,0.4685832963025613,136.95214202179054,0.0017401905851397068,0.889181005466767,0.2685795994184022,0.002331035095166563,0.2525479282809713,0.002870687629102932,0.0003276300959959907,1.6778047093659951,0.9142898712992357,0.009648619431683774,0.07526757174968075,0.04992470386710633
-83.1590339925695,13.675814563626924,0.0028132563360328223,0.7296029491465594,0.47310560780140803,136.95217704655283,0.0017373372593969154,0.8912876910208195,0.26923589020926486,0.0023272426303280664,0.2526161996815546,0.002872417321607988,0.0003245816000242669,1.6801958700463164,0.9150168975155661,0.009617366561390915,0.07458219542957592,0.050072567573989674
-83.17738818736717,13.6757910133392,0.00280534413185468,0.7315919159270258,0.47757471844905414,136.9522122000689,0.0017345513311962156,0.8933534969192596,0.26989194324992916,0.002323540694805743,0.25268464379662786,0.002874154580687652,0.0003215887909224525,1.6825573580292064,0.9157366462393925,0.009587084905998333,0.07390291411355782,0.0502186927893527
-83.19534035822242,13.675766995831559,0.0027976266414039015,0.7334971678912655,0.48199086017726545,136.95224747966301,0.0017318307307099348,0.895379196512888,0.2705477509735734,0.0023199264772440146,0.252753256109807,0.002875899229435797,0.0003186503085168153,1.6848895578769327,0.9164492059805723,0.009557738938418804,0.0732296816767318,0.050363095832402366
-83.21290184684578,13.675742519237696,0.0027900977921323047,0.7353225776958041,0.4863542715248795,136.9522828827169,0.001729173504188626,0.8973655490501511,0.2712033059871541,0.0023163972274475525,0.25282203220225385,0.0028776510946911956,0.00031576482853192515,1.6871928476540938,0.917154663944765,0.009529294001762145,0.07256245228660999,0.05050579291858834
-83.23008347837873,13.67571759144858,0.0027827516662200214,0.7370717795362755,0.4906652241050309,136.95231840670283,0.0017265777599521916,0.8993132995457203,0.2718586011604922,0.0023129503717701913,0.25289096782359566,0.002879410007853608,0.0003129310755890344,1.6894676110921991,0.9178531046346642,0.009501717994331084,0.0719011796971531,0.050646801043264605
-83.24689577361117,13.675692220196577,0.0027755823277600808,0.7387482746866559,0.49492399892197675,136.95235404914948,0.0017240416226981467,0.9012231799964185,0.27251362953267383,0.0023095834052713664,0.25296005882127365,0.0028811758038130913,0.0003101478069562974,1.6917142276838955,0.9185446112524867,0.009474979750448424,0.07124581785960393,0.050786137199824784
-83.26334904577672,13.675666413085247,0.0027685832307397804,0.7403554637663651,0.4991308810236016,136.9523898076297,0.001721563108450059,0.9030959108180466,0.2731683842764995,0.0023062938641186356,0.25302930111707406,0.002882948320356285,0.0003074138043482123,1.69393307144647,0.9192292661519605,0.009449048581614697,0.07059632102992028,0.050923818215981825
-83.27945298858933,13.675640177450296,0.0027617490061223647,0.7418964867554627,0.5032861900471456,136.95242567981748,0.0017191405080234066,0.9049321959896283,0.27382285886001095,0.0023030794738643917,0.2530986908195143,0.002884727400542954,0.0003047279077013531,1.6961245208689755,0.9199071486467324,0.009423896628595623,0.0699526430671608,0.05105986172592934
-83.29521719872727,13.675613520537947,0.002755075530599877,0.7433744279271318,0.5073902427333812,136.95246166341528,0.0017167723720647157,0.9067327298333748,0.2744770468394872,0.0022999379678945585,0.2531682240816244,0.0028865128895743234,0.0003020889719725066,1.6982889473895277,0.9205783376720827,0.009399496029228026,0.06931473824924056,0.051194285007632366
-83.31065095406323,13.675586449428701,0.002748559290101882,0.74479222833609,0.511443368511456,136.95249775618487,0.0017144573948147856,0.9084981939753225,0.27513094194788434,0.0022968671627970525,0.25323789716123163,0.0028883046361529497,0.0002994958855706827,1.7004267200019751,0.9212429106858135,0.009375820081310646,0.06868256094592876,0.05132710545807566
-83.32576303420882,13.67555897097507,0.0027421961854194087,0.7461526144152282,0.5154459217446324,136.95253395597265,0.0017121941829257897,0.9102292547049441,0.27578453816696363,0.0022938650174572075,0.2533077064696428,0.00289010249361714,0.00029694758537848645,1.7025382086654124,0.9219009428130729,0.00935284413970669,0.06805606537585217,0.051458340957378265
-83.34056203245834,13.675531091919877,0.0027359730504947196,0.7474582315637037,0.5193982584833318,136.95257026066244,0.0017099794972648453,0.9119265681013461,0.276437829591879,0.0022909295554076124,0.25337764848003375,0.0028919063178636387,0.0002944430313664843,1.704623777637766,0.922552507940907,0.00933054444439874,0.0674352059290552,0.05158800923894072
-83.35505675537341,13.675502819149402,0.0027298942634103813,0.7487117589025251,0.523300749729317,136.95260666809412,0.0017078137016487032,0.9135908042218399,0.2770908102050421,0.002288058690838268,0.2534477195936082,0.0028937159616782867,0.00029198115774802284,1.7066838000518718,0.923197683092418,0.009308895614816223,0.06681993587112874,0.051716128385742216
-83.36925576868693,13.67547415950224,0.002723952431416672,0.7499157564138109,0.5271537918945052,136.952643176133,0.0017056947119711847,0.9152226332999177,0.2777434740723463,0.0022852504467079913,0.25351791626191594,0.002895531278847568,0.00028956092370109154,1.7087186551912739,0.923836544493526,0.00928787388493994,0.06621020728154595,0.05184271722088882
-83.38316617309404,13.675445118725554,0.0027181439812549945,0.7510723128054546,0.530957735016204,136.95267978299142,0.001703621364122646,0.9168226210116875,0.27839581623464854,0.002282503198929042,0.25358823551739557,0.0028973521465485035,0.0002871814615431765,1.7107286663677672,0.9244691563037929,0.00926745994032908,0.0656059789921373,0.05196779198431349
-83.39679461788556,13.675415702205525,0.0027124651476376203,0.7521833481983285,0.5347129196463288,136.95271648699742,0.001701592465210466,0.9183912990546381,0.2790478320624577,0.002279815412198564,0.2536586745883394,0.002899178449552244,0.0002848419501698574,1.7127141405026751,0.9250955795178978,0.009247635336944586,0.06500721200569692,0.052091367998451515
-83.41014874822278,13.675385916223256,0.002706912432432779,0.7532510476542555,0.5384197564984967,136.95275328620656,0.0016996068134943424,0.919929289476221,0.2796995161808595,0.0022771853465600555,0.2537292302539395,0.0029010100536176974,0.00028254144896285634,1.7146754385119685,0.9257158850009444,0.009228379516249333,0.06441385993148599,0.05221346362639635
-83.42323638276132,13.675355767242605,0.002701481132696362,0.7542776163996205,0.5420786809822472,136.95279017862222,0.0016976629558237686,0.9214372339825708,0.28035086307966195,0.002274611215872413,0.25379989921006724,0.002902846820597619,0.00028027899175534995,1.7166129351946355,0.926330146202021,0.009209671386297417,0.06382587444600114,0.05233409800489532
-83.43606454068254,13.675325261140381,0.0026961684087892248,0.7552649942625176,0.545690107398158,136.9528271624355,0.001695759861636946,0.922915718368764,0.281001867780331,0.002272091425659274,0.25387067846769273,0.0029046886249402765,0.00027805370832417053,1.7185269759223267,0.9269384303107395,0.009191492237892151,0.063243210641961,0.0524532889654753
-83.4486397910839,13.675294403497755,0.0026909707500919716,0.7562149576399232,0.5492544477427135,136.95286423593535,0.0016938963981806608,0.9243653012336408,0.28165252558715415,0.0022696244921855215,0.2539415652033975,0.0029065353474882097,0.0002758647813884102,1.720417893165406,0.9275408015267608,0.009173824814226642,0.06266582486806856,0.05257105388473387
-83.46096858740802,13.67526319983878,0.0026858837197354787,0.7571292325570965,0.5527721189090601,136.95290139743148,0.0016920712564501125,0.9257865364853413,0.28230283186897154,0.00226720895906707,0.25401255663023087,0.0029083868703516412,0.00027371140606890636,1.7222860181306672,0.928137323627707,0.009156652249808524,0.06209367343213403,0.05268741016689882
-83.47305715892315,13.675231655565925,0.002680905807558791,0.758009452101111,0.5562435441631627,136.95293864527656,0.0016902837202117376,0.9271799675979566,0.2829527821247062,0.002264843427490734,0.25408365003540984,0.0029102430783191635,0.0002715928024169898,1.7241316783408414,0.9287280593529944,0.00913995845553002,0.061526712756352665,0.05280237518729058
-83.4849115298051,13.67519977596239,0.0026760331942895007,0.7588571633601126,0.5596691521736361,136.95297597786498,0.0016885326329588181,0.9285461275552266,0.28360237197982996,0.002262526546340113,0.2541548427781083,0.0029121038587883413,0.0002695082124277912,1.7259551974890022,0.9293130705597777,0.009123727931963872,0.06096489945166544,0.052915966230486
-83.49653762664437,13.675167566252696,0.0026712629561928655,0.7596738745924885,0.5630493732613103,136.9530133936112,0.0016868170200190578,0.9298855440446956,0.28425159712047476,0.0022602569886255464,0.25422613225205865,0.002913969100443512,0.0002674568890484588,1.7277568970834856,0.9298924186138859,0.009107945485048447,0.06040819025794497,0.05302820052080921
-83.50794108133321,13.67513503148631,0.0026665923454196106,0.7604609742526873,0.5663846439361968,136.9530508909903,0.001685135960862075,0.9311987290927407,0.28490045341614145,0.0022580334986304802,0.2542975159551387,0.002915838695805908,0.00026543811771617107,1.72953709246055,0.9304661634886977,0.009092596816864596,0.05985654224742468,0.0531390951205538
-83.51912730836789,13.675102176577374,0.002662018629367612,0.7612197645699439,0.5696754040248113,136.9530884685237,0.0016834885531603592,0.932486182342953,0.2855489368758824,0.002255854873016264,0.2543689914644334,0.0029177125403587836,0.0002634512081296596,1.7312960937451571,0.931034364070706,0.009077668275664679,0.0593099128146069,0.05324866692278315
-83.53010193856836,13.6750690065722,0.0026575390022943617,0.7619516358538508,0.5729220891319595,136.9531261246872,0.001681873865408181,0.9337484153459529,0.28619704337131757,0.002253719856737403,0.2544405562788641,0.002919590526699155,0.00026149544628750233,1.7330342158149308,0.9315970802733657,0.009063145578587561,0.05876825907223109,0.053356932964480186
-83.54086985864546,13.675035526062349,0.0026531511006742084,0.7626576869103683,0.5761251459668,136.95316385811242,0.0016802911036311666,0.9349858980199395,0.2868447692443073,0.00225162737668289,0.2545122081637685,0.0029214725574211067,0.0002595702023337902,1.7347517558193617,0.9321543682303287,0.009049016756876641,0.05823153916785607,0.05346390974984787
-83.55143651999757,13.675001739984141,0.0026488522125210933,0.763339237530141,0.5792850128731803,136.95320166731287,0.0016787393668971041,0.9361991318424324,0.287492110480343,0.0022495762211577983,0.2545839446825562,0.002923358527537983,0.0002576747824467881,1.7364490243692665,0.9327062869571897,0.009035268073367839,0.05769971046572012,0.05356961418477538
-83.56180639136714,13.67496765266737,0.0026446401756474156,0.7639972316941651,0.5824021398245272,136.95323955100906,0.0016772179286490033,0.9373885620064488,0.28813906368984876,0.002247565417104651,0.254655763751623,0.002925248345438837,0.0002558086053524272,1.7381263072048185,0.9332528903634181,0.009021888848151935,0.05717273180830056,0.05367406239013744
-83.57198455430508,13.674933268819357,0.002640512491819344,0.7646328480461033,0.5854769694133874,136.95327750779262,0.0016757259550214169,0.9385546686946215,0.28878562509421873,0.0022455938424443106,0.2547276630675517,0.002927141911187208,0.0002539710195096972,1.7397839055042057,0.9337942355440731,0.009008866486947582,0.056650561124902375,0.053777270968852584
-83.58197550351436,13.674898592780112,0.002636466984686254,0.7652470456794975,0.5885099494593506,136.9533155363799,0.0016742627150018426,0.9396978975285653,0.28943179129209295,0.002243660515872114,0.2547996405393593,0.0029290391329645903,0.00025216144093282296,1.741422104719817,0.9343303765064416,0.008996190189633227,0.05613315730578324,0.053879255993799814
-83.59178379332126,13.67486362892719,0.002632501445191628,0.7658408057865874,0.5915015273249775,136.95335363547466,0.0016728274671243973,0.9408186976835266,0.29007755884365427,0.002241764441858331,0.2548716940544092,0.002930939918122067,0.0002503792787617903,1.7430411919396205,0.9348613675730565,0.008983848975370341,0.0556204791400598,0.053980033594458736
-83.60141388727537,13.674828381580166,0.0026286137346372297,0.7664150791706635,0.5944521501198101,136.95339180380003,0.001671419489818052,0.9419175126127463,0.29072292436810626,0.0022399046469630513,0.25494382153289297,0.002932844175311536,0.0002486239536634057,1.7446414513093635,0.9353872625500207,0.008971832146999835,0.0551124855937486,0.0540796197989136
-83.61084797359112,13.674792854750615,0.002624801956562412,0.7669706440669666,0.5973622664547371,136.95343004105658,0.0016700381425816294,0.9429947561412214,0.2913678847949707,0.0022380802729319595,0.25501602107078386,0.002934751820011006,0.0002468949421704776,1.7462231528178067,0.9359081125831941,0.008960130485004922,0.05460913654498001,0.05417803011825916
